"","speciesCode","comName","sciName","locId","locName","obsDt","howMany","lat","lng","obsValid","obsReviewed","locationPrivate","subId"
"1","limpki","Limpkin","Aramus guarauna","L1106225","Circle B Bar Reserve","2025-06-12 18:53",1,27.9959173,-81.8652327,TRUE,FALSE,FALSE,"S249673566"
"2","limpki","Limpkin","Aramus guarauna","L1124570","Grape Hammock","2025-06-12 18:45",1,27.8181265,-81.204071,TRUE,FALSE,FALSE,"S249658410"
"3","limpki","Limpkin","Aramus guarauna","L17291521","21 Dominica Dr, Englewood US-FL 27.00459, -82.36693","2025-06-12 18:14",1,27.004592,-82.366929,TRUE,FALSE,TRUE,"S249656736"
"4","limpki","Limpkin","Aramus guarauna","L13818846","Orange County Convention Center--North Concourse","2025-06-12 17:31",2,28.4323508,-81.4596825,TRUE,FALSE,FALSE,"S249645876"
"5","limpki","Limpkin","Aramus guarauna","L200733","Walt Disney World--EPCOT","2025-06-12 16:06",3,28.3713614,-81.5490365,TRUE,FALSE,FALSE,"S249635004"
"6","limpki","Limpkin","Aramus guarauna","L8534693","Exploration Green--Phase 1 (S. of Reseda)","2025-06-12 15:51",2,29.5630787,-95.1203504,TRUE,FALSE,FALSE,"S249634156"
"7","limpki","Limpkin","Aramus guarauna","L5176890","Exploration Green--Phase 2 (S. of El Dorado Blvd)","2025-06-12 15:27",1,29.567445,-95.1258741,TRUE,FALSE,FALSE,"S249628446"
"8","limpki","Limpkin","Aramus guarauna","L697419","Paynes Prairie Preserve SP--US-441 observation deck","2025-06-12 13:11",7,29.5740753,-82.3350487,TRUE,FALSE,FALSE,"S249581027"
"9","limpki","Limpkin","Aramus guarauna","L7913252","Ed Radice Sports Complex","2025-06-12 12:36",1,28.0831977,-82.6085669,TRUE,FALSE,FALSE,"S249603164"
"10","limpki","Limpkin","Aramus guarauna","L2985106","Lake Hunter","2025-06-12 11:46",3,28.0327243,-81.9660223,TRUE,FALSE,FALSE,"S249548818"
"11","limpki","Limpkin","Aramus guarauna","L17474398","Safelight Auto Glass-Largo","2025-06-12 11:35",2,27.8859038,-82.7390456,TRUE,FALSE,TRUE,"S249539166"
"12","limpki","Limpkin","Aramus guarauna","L47434225","3132 South Pine Island Road, Sunrise, Florida, US (26.083, -80.265)","2025-06-12 11:18",1,26.0830314,-80.2650782,TRUE,FALSE,TRUE,"S249532863"
"13","limpki","Limpkin","Aramus guarauna","L2792995","Winston Trails (Restricted Access)","2025-06-12 10:25",1,26.5788792,-80.132197,TRUE,FALSE,FALSE,"S249536194"
"14","limpki","Limpkin","Aramus guarauna","L148596","SLHNWR (private)","2025-06-12 10:24",1,28.6438255,-81.3941453,TRUE,FALSE,TRUE,"S249520840"
"15","limpki","Limpkin","Aramus guarauna","L47457354","Silver Springs, Florida, US (29.215, -82.05)","2025-06-12 09:40",1,29.2146629,-82.0498711,TRUE,FALSE,TRUE,"S249629078"
"16","limpki","Limpkin","Aramus guarauna","L34485789","435 N Ocean Grande Dr, Ponte Vedra Beach US-FL 29.97050, -81.31228","2025-06-12 09:29",1,29.970499,-81.312279,TRUE,FALSE,TRUE,"S249500008"
"17","limpki","Limpkin","Aramus guarauna","L389393","Alexander Springs Recreation Area","2025-06-12 09:15",2,29.0786007,-81.5790224,TRUE,FALSE,FALSE,"S249556378"
"18","limpki","Limpkin","Aramus guarauna","L2440827","Disney Springs","2025-06-12 09:12",1,28.371344,-81.51448,TRUE,FALSE,FALSE,"S249500335"
"19","limpki","Limpkin","Aramus guarauna","L2620730","Sweetwater Wetlands Park","2025-06-12 08:44",4,29.6193055,-82.3285764,TRUE,FALSE,FALSE,"S249513101"
"20","limpki","Limpkin","Aramus guarauna","L2726529","Winding Waters Natural area","2025-06-12 08:42",1,26.773047,-80.1249647,TRUE,FALSE,FALSE,"S249526253"
"21","limpki","Limpkin","Aramus guarauna","L2570368","Lake Weldona","2025-06-12 08:41",3,28.5299096,-81.36024,TRUE,FALSE,FALSE,"S249484860"
"22","limpki","Limpkin","Aramus guarauna","L2975878","Royal Palm Park","2025-06-12 08:23",1,26.1742346,-80.1643288,TRUE,FALSE,FALSE,"S249497172"
"23","limpki","Limpkin","Aramus guarauna","L127337","Lettuce Lake County Park","2025-06-12 08:17",1,28.0725,-82.3754,TRUE,FALSE,FALSE,"S249529035"
"24","limpki","Limpkin","Aramus guarauna","L21695460","West IRCO Agricultural Area","2025-06-12 08:08",2,27.5880997,-80.5796945,TRUE,FALSE,TRUE,"S249501687"
"25","limpki","Limpkin","Aramus guarauna","L2023270","Lake of the Woods","2025-06-12 07:49",1,28.5293466,-81.3793159,TRUE,FALSE,FALSE,"S249475796"
"26","limpki","Limpkin","Aramus guarauna","L581830","Belle Glade Marina & Torry Island","2025-06-12 07:38",3,26.7063982,-80.7168961,TRUE,FALSE,FALSE,"S249505976"
"27","limpki","Limpkin","Aramus guarauna","L17262188","Bay Lake, Tampa US-FL 28.07055, -82.49863","2025-06-12 07:23",2,28.07055,-82.498629,TRUE,FALSE,TRUE,"S249458444"
"28","limpki","Limpkin","Aramus guarauna","L36092038","Logan Blvd N, Naples US-FL 26.31514, -81.71147","2025-06-12 07:14",5,26.315139,-81.711468,TRUE,FALSE,TRUE,"S249519732"
"29","limpki","Limpkin","Aramus guarauna","L143593","Lake Munson Preserve Park & Dam","2025-06-12 07:03",NA,30.365942,-84.3001404,TRUE,FALSE,FALSE,"S249478598"
"30","limpki","Limpkin","Aramus guarauna","L36854478","529 Waterside St, Port Charlotte US-FL 27.01777, -82.09532","2025-06-12 06:59",1,27.017774,-82.095321,TRUE,FALSE,TRUE,"S249456962"
"31","limpki","Limpkin","Aramus guarauna","L21123465","1836 Chatham Village Dr, Fleming Island US-FL 30.07752, -81.71385","2025-06-12 06:54",1,30.077518,-81.713846,TRUE,FALSE,TRUE,"S249451028"
"32","limpki","Limpkin","Aramus guarauna","L3215347","Cypress Falls, North Port, Florida","2025-06-12 06:42",2,27.0876851,-82.1428388,TRUE,FALSE,TRUE,"S249525676"
"33","limpki","Limpkin","Aramus guarauna","L376186","""Viera"" Ritch Grissom Memorial Wetlands","2025-06-12 06:41",1,28.228577,-80.7604659,TRUE,FALSE,FALSE,"S249518479"
"34","limpki","Limpkin","Aramus guarauna","L127279","Newnans Lake--Palm Point Park","2025-06-12 06:38",1,29.6364,-82.2382,TRUE,FALSE,FALSE,"S249531369"
"35","limpki","Limpkin","Aramus guarauna","L1770608","Barr Hammock Preserve--Woodland Trails","2025-06-12 06:36",1,29.4919971,-82.3192155,TRUE,FALSE,FALSE,"S249528637"
"36","limpki","Limpkin","Aramus guarauna","L8167732","Miccosukee Golf & Country Club","2025-06-12 06:31",1,25.700971,-80.424942,TRUE,FALSE,FALSE,"S249486114"
"37","limpki","Limpkin","Aramus guarauna","L39805030","Fort Drum Conservation Area","2025-06-12 05:46",1,27.6142842,-80.7584167,TRUE,FALSE,FALSE,"S249469411"
"38","limpki","Limpkin","Aramus guarauna","L2643918","Bayou Blue Mom's Backyard","2025-06-12 05:33",2,29.5998644,-90.6256628,TRUE,FALSE,TRUE,"S249480074"
"39","limpki","Limpkin","Aramus guarauna","L727325","Madisonville--Tchefuncte River Mouth and Environs","2025-06-12 05:30",1,30.3867047,-90.1581216,TRUE,FALSE,FALSE,"S249500017"
"40","limpki","Limpkin","Aramus guarauna","L47330623","Quail Valley Country Club, Missouri City US-TX (29.5661,-95.5401)","2025-06-11 20:16",1,29.56607,-95.540074,TRUE,FALSE,TRUE,"S249381715"
"41","limpki","Limpkin","Aramus guarauna","L279620","Lake Okeechobee--Levee Park","2025-06-11 20:08",2,26.7620261,-80.9215622,TRUE,FALSE,FALSE,"S249373993"
"42","limpki","Limpkin","Aramus guarauna","L127353","Mead Botanical Gardens","2025-06-11 19:25",1,28.5836,-81.3586,TRUE,FALSE,FALSE,"S249363058"
"43","limpki","Limpkin","Aramus guarauna","L47454654","Walt Disney World, Bay Lake US-FL 28.36824, -81.55568","2025-06-11 19:18",1,28.368239,-81.555677,TRUE,FALSE,TRUE,"S249617263"
"44","limpki","Limpkin","Aramus guarauna","L1017638","Peaceful Waters Sanctuary","2025-06-11 18:20",1,26.631443,-80.2332294,TRUE,FALSE,FALSE,"S249383854"
"45","limpki","Limpkin","Aramus guarauna","L1119864","Fisheating Creek WMA--Fisheating Creek Outpost","2025-06-11 16:46",1,26.9392455,-81.3201141,TRUE,FALSE,FALSE,"S249322432"
"46","limpki","Limpkin","Aramus guarauna","L3245938","Coral Reef Park","2025-06-11 15:04",1,25.631196,-80.3196073,TRUE,FALSE,FALSE,"S249298207"
"47","limpki","Limpkin","Aramus guarauna","L8565323","Lake Jackson Fish Pier","2025-06-11 14:32",4,27.494413,-81.4452888,TRUE,FALSE,FALSE,"S249286457"
"48","limpki","Limpkin","Aramus guarauna","L623357","Paynes Prairie Preserve SP--La Chua Trail","2025-06-11 14:06",2,29.6068756,-82.3031116,TRUE,FALSE,FALSE,"S249294283"
"49","limpki","Limpkin","Aramus guarauna","L44741114","Feeding Station","2025-06-11 13:24",1,28.584156,-81.226885,TRUE,FALSE,TRUE,"S249265579"
"50","limpki","Limpkin","Aramus guarauna","L31094517","1980 E Mulberry St, Angleton US-TX 29.18174, -95.40966","2025-06-11 13:22",1,29.181742,-95.409661,TRUE,FALSE,TRUE,"S249281578"
"51","limpki","Limpkin","Aramus guarauna","L676978","Crescent Lake Park","2025-06-11 12:45",1,27.7881373,-82.6414776,TRUE,FALSE,FALSE,"S249250042"
"52","limpki","Limpkin","Aramus guarauna","L5685332","Carrollwood Village Park","2025-06-11 12:34",1,28.0731414,-82.5253138,TRUE,FALSE,FALSE,"S249303972"
"53","limpki","Limpkin","Aramus guarauna","L17048787","LeRoy Hoequist Park","2025-06-11 12:26",1,28.525984,-81.29646,TRUE,FALSE,TRUE,"S249246513"
"54","limpki","Limpkin","Aramus guarauna","L47133043","Home Glasbern Cir","2025-06-11 11:12",NA,28.0540543,-80.6468277,TRUE,FALSE,TRUE,"S249208696"
"55","limpki","Limpkin","Aramus guarauna","L1009347","Roosevelt Wetland","2025-06-11 10:44",1,27.8708722,-82.6895428,TRUE,FALSE,FALSE,"S249207229"
"56","limpki","Limpkin","Aramus guarauna","L247338","Largo Central Park Nature Preserve","2025-06-11 10:12",2,27.913417,-82.7749035,TRUE,FALSE,FALSE,"S249206530"
"57","limpki","Limpkin","Aramus guarauna","L127320","John Chesnut Sr. Park","2025-06-11 10:00",3,28.0922,-82.7067,TRUE,FALSE,FALSE,"S249255693"
"58","limpki","Limpkin","Aramus guarauna","L653557","Bystre Lake","2025-06-11 09:51",1,28.5383481,-82.3242474,TRUE,FALSE,FALSE,"S249208615"
"59","limpki","Limpkin","Aramus guarauna","L1060408","Lake Ida Park","2025-06-11 09:30",6,26.4799846,-80.0847101,TRUE,FALSE,FALSE,"S249292629"
"60","limpki","Limpkin","Aramus guarauna","L17587230","South County Park","2025-06-11 09:28",1,26.9327293,-82.0390494,TRUE,FALSE,FALSE,"S249311962"
"61","limpki","Limpkin","Aramus guarauna","L4843748","US-Florida-Wekiva Springs-West Sabal Palm Drive","2025-06-11 09:18",2,28.699689,-81.413802,TRUE,FALSE,TRUE,"S249163596"
"62","limpki","Limpkin","Aramus guarauna","L1268893","Howze Beach","2025-06-11 08:55",1,30.2187228,-89.7795675,TRUE,FALSE,FALSE,"S249310010"
"63","limpki","Limpkin","Aramus guarauna","L8534682","Exploration Green--Phase 4 (S. of Neptune Lane)","2025-06-11 08:43",3,29.5682255,-95.1182181,TRUE,FALSE,FALSE,"S249182906"
"64","limpki","Limpkin","Aramus guarauna","L10094943","Marriott Orlando Airport Lakeside","2025-06-11 08:38",2,28.4552986,-81.3060219,TRUE,FALSE,FALSE,"S249149688"
"65","limpki","Limpkin","Aramus guarauna","L18253808","Belmont Place (my yard)","2025-06-11 08:14",2,29.614363,-90.771262,TRUE,FALSE,TRUE,"S249178502"
"66","limpki","Limpkin","Aramus guarauna","L2509202","Donegan Park","2025-06-11 08:14",2,27.9026338,-82.7709317,TRUE,FALSE,FALSE,"S249148828"
"67","limpki","Limpkin","Aramus guarauna","L3489661","St. Augustine Road Fish Management Area","2025-06-11 08:02",1,30.2696157,-81.6395459,TRUE,FALSE,FALSE,"S249190150"
"68","limpki","Limpkin","Aramus guarauna","L32926578","Lake Eola Park, Orlando US-FL 28.54437, -81.37059","2025-06-11 07:54",1,28.54437,-81.370588,TRUE,FALSE,TRUE,"S249149058"
"69","limpki","Limpkin","Aramus guarauna","L3037383","68th Ave Flood Control Area","2025-06-11 07:50",1,27.8338106,-82.7053249,TRUE,FALSE,FALSE,"S249134559"
"70","limpki","Limpkin","Aramus guarauna","L370903","TNC White Kitchen Preserve","2025-06-11 07:42",2,30.2285026,-89.6773935,TRUE,FALSE,FALSE,"S249306425"
"71","limpki","Limpkin","Aramus guarauna","L3354466","Emeralda Marsh CA--Wildlife Drive Exit Parking Lot","2025-06-11 07:41",NA,28.90279,-81.79877,TRUE,FALSE,FALSE,"S249162780"
"72","limpki","Limpkin","Aramus guarauna","L191422","Overlook Park","2025-06-11 07:39",8,28.70015,-81.23777,TRUE,FALSE,FALSE,"S249138769"
"73","limpki","Limpkin","Aramus guarauna","L129094","Sheldon Lake SP (UTC 033)","2025-06-11 07:38",2,29.857,-95.164,TRUE,FALSE,FALSE,"S249238588"
"74","limpki","Limpkin","Aramus guarauna","L2234368","Nathan Benderson Park","2025-06-11 07:21",3,27.3632302,-82.4475861,TRUE,FALSE,FALSE,"S249175405"
"75","limpki","Limpkin","Aramus guarauna","L34872206","Ecopassage SE Mud Flats, Micanopy US-FL (29.5643,-82.3322)","2025-06-11 07:12",5,29.564314,-82.332229,TRUE,FALSE,TRUE,"S249268482"
"76","limpki","Limpkin","Aramus guarauna","L452007","Orlando Wetlands","2025-06-11 07:10",3,28.5700783,-80.9963373,TRUE,FALSE,FALSE,"S249318298"
"77","limpki","Limpkin","Aramus guarauna","L6709930","Mandeville--Neighborwoods Park","2025-06-11 07:01",4,30.3926708,-90.1140733,TRUE,FALSE,FALSE,"S249338979"
"78","limpki","Limpkin","Aramus guarauna","L47371626","Renaissance Pond","2025-06-11 07:00",2,26.1047226,-80.2614136,TRUE,FALSE,TRUE,"S249239350"
"79","limpki","Limpkin","Aramus guarauna","L17960871","913 Southwest Brookdale Drive, Lake City, Florida, US (30.173, -82.651)","2025-06-11 06:57",1,30.1733811,-82.6505611,TRUE,FALSE,TRUE,"S249386157"
"80","limpki","Limpkin","Aramus guarauna","L2079138","CLC Elementary area","2025-06-11 06:48",4,29.5661039,-95.1215172,TRUE,FALSE,TRUE,"S249186494"
"81","limpki","Limpkin","Aramus guarauna","L2508694","Cross Creek Ranch wetlands","2025-06-11 06:43",1,29.6986869,-95.8764732,TRUE,FALSE,FALSE,"S249156273"
"82","limpki","Limpkin","Aramus guarauna","L1846016","Glencliff Park","2025-06-11 06:33",3,28.0400717,-82.6285538,TRUE,FALSE,FALSE,"S249119915"
"83","limpki","Limpkin","Aramus guarauna","L24243468","Tealwood Cove Neighborhood","2025-06-11 06:08",1,28.6377961,-81.441794,TRUE,FALSE,TRUE,"S249112707"
"84","limpki","Limpkin","Aramus guarauna","L199461","Lake Woodruff NWR","2025-06-11 05:50",1,29.1092685,-81.3752445,TRUE,FALSE,FALSE,"S249206983"
"85","limpki","Limpkin","Aramus guarauna","L30128239","10144 Meadowrun Dr","2025-06-11 04:08",1,27.857405,-82.177285,TRUE,FALSE,TRUE,"S249097076"
"86","limpki","Limpkin","Aramus guarauna","L14772869","425-443 Sabal Palm Road, Naples, Florida, US (26.096, -81.652)","2025-06-10 20:13",1,26.0956144,-81.651753,TRUE,FALSE,TRUE,"S249027934"
"87","limpki","Limpkin","Aramus guarauna","L36986395","7500 Riverside Dr, Punta Gorda US-FL 26.97137, -81.97136","2025-06-10 19:16",2,26.971374,-81.97136,TRUE,FALSE,TRUE,"S249023994"
"88","limpki","Limpkin","Aramus guarauna","L47324886","Silver Springs State Park, Silver Springs US","2025-06-10 18:33",1,29.214779,-82.053648,TRUE,FALSE,TRUE,"S249011677"
"89","limpki","Limpkin","Aramus guarauna","L7536922","Drigger's Road","2025-06-10 17:29",5,27.2988402,-81.2660781,TRUE,FALSE,FALSE,"S248988016"
"90","limpki","Limpkin","Aramus guarauna","L40170260","Cortland Portofino","2025-06-10 16:58",1,26.744982,-80.107673,TRUE,FALSE,TRUE,"S248978951"
"91","limpki","Limpkin","Aramus guarauna","L33010353","9701–9799 Gretna Green Dr, Tampa US-FL (28.0426,-82.6151)","2025-06-10 16:40",1,28.042566,-82.615072,TRUE,FALSE,TRUE,"S248983763"
"92","limpki","Limpkin","Aramus guarauna","L38969645","Flamingo Gardens","2025-06-10 16:07",1,26.0742415,-80.3133363,TRUE,FALSE,TRUE,"S248971736"
"93","limpki","Limpkin","Aramus guarauna","L36506607","Cornerstone II","2025-06-10 14:17",1,26.10562,-80.259429,TRUE,FALSE,TRUE,"S249501269"
"94","limpki","Limpkin","Aramus guarauna","L2602970","Myakka SP -- Main Bridge","2025-06-10 13:36",1,27.2456804,-82.3071496,TRUE,FALSE,FALSE,"S249381776"
"95","limpki","Limpkin","Aramus guarauna","L2242815","Sheldon Lake SP--Garrett Rd","2025-06-10 13:10",2,29.8820575,-95.1858783,TRUE,FALSE,FALSE,"S248938891"
"96","limpki","Limpkin","Aramus guarauna","L10281574","Emeralda Marsh-Public Boat Ramp (28.9032,-81.8064)","2025-06-10 12:57",1,28.903197,-81.806391,TRUE,FALSE,TRUE,"S248957065"
"97","limpki","Limpkin","Aramus guarauna","L1085299","Three Lakes WMA--Prairie Lakes Unit","2025-06-10 12:24",1,27.9123525,-81.1302567,TRUE,FALSE,FALSE,"S248934434"
"98","limpki","Limpkin","Aramus guarauna","L9224724","Emeralda Marsh--Public Boat Ramp","2025-06-10 12:07",1,28.9027946,-81.8170195,TRUE,FALSE,FALSE,"S248901524"
"99","limpki","Limpkin","Aramus guarauna","L7690785","Middleton Fish Camp","2025-06-10 10:41",2,27.727347,-80.777591,TRUE,FALSE,FALSE,"S248874904"
"100","limpki","Limpkin","Aramus guarauna","L8534664","Exploration Green--Phase 3 (N. of El Dorado)","2025-06-10 09:43",2,29.5737916,-95.1311798,TRUE,FALSE,FALSE,"S248968161"
"101","limpki","Limpkin","Aramus guarauna","L678870","St. Sebastian River Preserve SP (Brevard Co.)","2025-06-10 09:20",1,27.824853,-80.6063547,TRUE,FALSE,FALSE,"S249386602"
"102","limpki","Limpkin","Aramus guarauna","L27976444","Wellen Park -- Grand Lake","2025-06-10 09:11",1,27.043923,-82.330047,TRUE,FALSE,FALSE,"S248830760"
"103","limpki","Limpkin","Aramus guarauna","L835310","Long Key Natural Area & Nature Center","2025-06-10 08:49",2,26.0756147,-80.3236842,TRUE,FALSE,FALSE,"S248867420"
"104","limpki","Limpkin","Aramus guarauna","L4319522","Sharon Rose Wiechens Preserve","2025-06-10 08:43",1,28.8451812,-81.9517422,TRUE,FALSE,FALSE,"S248837522"
"105","limpki","Limpkin","Aramus guarauna","L596180","Lake Tohopekaliga--Whaley's Landing","2025-06-10 08:30",8,28.1817942,-81.33389,TRUE,FALSE,FALSE,"S248872349"
"106","limpki","Limpkin","Aramus guarauna","L12906059","4323 Oak Forest Dr, Missouri City US-TX 29.55748, -95.52844","2025-06-10 08:23",1,29.557484,-95.528438,TRUE,FALSE,TRUE,"S248842155"
"107","limpki","Limpkin","Aramus guarauna","L13574470","PINE MEADOWS CYPRESS LOOP TRAIL","2025-06-10 08:10",3,28.8883985,-81.6647236,TRUE,FALSE,TRUE,"S248831454"
"108","limpki","Limpkin","Aramus guarauna","L2152152","Sable Point","2025-06-10 08:00",2,28.6990201,-81.4059448,TRUE,FALSE,TRUE,"S248914181"
"109","limpki","Limpkin","Aramus guarauna","L12014063","5881–5899 Oil Well Rd, Naples US-FL 26.29412, -81.48544","2025-06-10 07:53",2,26.294117,-81.485436,TRUE,FALSE,TRUE,"S248861691"
"110","limpki","Limpkin","Aramus guarauna","L47321003","Bear Island Road, Winter Garden, Florida, US (28.384, -81.593)","2025-06-10 07:45",3,28.3835486,-81.5933453,TRUE,FALSE,TRUE,"S248992432"
"111","limpki","Limpkin","Aramus guarauna","L21741924","Silverleaf/Neal Communities","2025-06-10 07:38",1,27.55357,-82.45398,TRUE,FALSE,FALSE,"S249478316"
"112","limpki","Limpkin","Aramus guarauna","L8844771","Interlaken Ln and West Crooked Lake, Eustis US-FL (28.8320,-81.6698)","2025-06-10 07:34",1,28.832049,-81.669791,TRUE,FALSE,TRUE,"S248803608"
"113","limpki","Limpkin","Aramus guarauna","L1844213","Lake Townsen","2025-06-10 07:30",4,28.6511002,-82.2767521,TRUE,FALSE,FALSE,"S248880580"
"114","limpki","Limpkin","Aramus guarauna","L224113","Cullinan Park, Sugar Land (UTC 095)","2025-06-10 07:30",6,29.6355459,-95.6603193,TRUE,FALSE,FALSE,"S248981078"
"115","limpki","Limpkin","Aramus guarauna","L26915124","Home","2025-06-10 07:30",3,28.1264772,-81.9169298,TRUE,FALSE,TRUE,"S249277090"
"116","limpki","Limpkin","Aramus guarauna","L3478696","Barnett Park","2025-06-10 07:29",1,28.561739,-81.4418414,TRUE,FALSE,FALSE,"S248803530"
"117","limpki","Limpkin","Aramus guarauna","L1900441","Pine Meadows Conservation Area (Small Game Hunt Area)","2025-06-10 07:25",9,28.88406,-81.66308,TRUE,FALSE,FALSE,"S248813657"
"118","limpki","Limpkin","Aramus guarauna","L46137461","Logan Blvd N, Naples US-FL 26.31005, -81.71383","2025-06-10 07:12",4,26.310051,-81.713834,TRUE,FALSE,TRUE,"S248793606"
"119","limpki","Limpkin","Aramus guarauna","L8649719","Brownie Wise Park","2025-06-10 07:01",1,28.2762918,-81.3876181,TRUE,FALSE,FALSE,"S248793645"
"120","limpki","Limpkin","Aramus guarauna","L12173976","Lochloosa Park","2025-06-10 06:36",6,29.5059593,-82.1016216,TRUE,FALSE,FALSE,"S248790601"
"121","limpki","Limpkin","Aramus guarauna","L17002197","Fellsmere Water Management Area","2025-06-10 06:04",11,27.7730409,-80.6861359,TRUE,FALSE,TRUE,"S248876491"
"122","limpki","Limpkin","Aramus guarauna","L6161730","Home, Cypress Falls, North Port","2025-06-09 20:53",1,27.0880338,-82.1419698,TRUE,FALSE,TRUE,"S248716993"
"123","limpki","Limpkin","Aramus guarauna","L29320148","Gated pond south of boyce tower road","2025-06-09 20:11",2,30.142072,-90.791054,TRUE,FALSE,TRUE,"S248718052"
"124","limpki","Limpkin","Aramus guarauna","L29122741","2240 Pine Meadows Golf Course Road, Eustis, Florida, Boat Ramp","2025-06-09 20:00",3,28.885806,-81.6632048,TRUE,FALSE,TRUE,"S248706943"
"125","limpki","Limpkin","Aramus guarauna","L30088015","Lakeview Dr (27.50836, -81.48462)","2025-06-09 19:43",1,27.508358,-81.484625,TRUE,FALSE,TRUE,"S248703792"
"126","limpki","Limpkin","Aramus guarauna","L36253487","Florida golf club","2025-06-09 18:00",4,27.0951204,-80.2678212,TRUE,FALSE,TRUE,"S249355523"
"127","limpki","Limpkin","Aramus guarauna","L7903191","Orange Lake Resort--West Village","2025-06-09 17:59",1,28.352715,-81.6245367,TRUE,FALSE,FALSE,"S248688258"
"128","limpki","Limpkin","Aramus guarauna","L20536131","Oil Well Rd—Flooded Tomato Field","2025-06-09 17:04",2,26.294181,-81.486965,TRUE,FALSE,FALSE,"S248695335"
"129","limpki","Limpkin","Aramus guarauna","L31619587","636 W Second Ave, Windermere US-FL 28.49676, -81.54336","2025-06-09 16:36",2,28.496756,-81.543359,TRUE,FALSE,TRUE,"S248655087"
"130","limpki","Limpkin","Aramus guarauna","L47248090","3827 Gaines Court, Winter Haven, Florida, US (27.978, -81.714)southeast","2025-06-09 16:09",1,27.9775479,-81.7137929,TRUE,FALSE,TRUE,"S248653559"
"131","limpki","Limpkin","Aramus guarauna","L246929","Green Cay Wetlands & Nature Center","2025-06-09 16:02",1,26.4861584,-80.1607561,TRUE,FALSE,FALSE,"S248662471"
"132","limpki","Limpkin","Aramus guarauna","L47246646","Paynes Prairie Preserve State Park, Micanopy US-FL (29.5639,-82.3312)","2025-06-09 15:46",2,29.563891,-82.331241,TRUE,FALSE,TRUE,"S248646597"
"133","limpki","Limpkin","Aramus guarauna","L33500215","Turnbull Park","2025-06-09 13:48",1,28.483234,-81.312798,TRUE,FALSE,TRUE,"S248613693"
"134","limpki","Limpkin","Aramus guarauna","L580878","Lake Marian Boat Ramp","2025-06-09 12:09",4,27.872863,-81.0518074,TRUE,FALSE,FALSE,"S249255189"
"135","limpki","Limpkin","Aramus guarauna","L153354","Jay Blanchard Park","2025-06-09 11:21",4,28.580008,-81.23909,TRUE,FALSE,FALSE,"S248590367"
"136","limpki","Limpkin","Aramus guarauna","L41079219","John Chestnut Park Palm Harbor","2025-06-09 10:45",1,28.0874985,-82.700458,TRUE,FALSE,TRUE,"S248639546"
"137","limpki","Limpkin","Aramus guarauna","L36917824","Mirada Nature Walk","2025-06-09 10:08",1,28.313774,-82.305544,TRUE,FALSE,FALSE,"S248607348"
"138","limpki","Limpkin","Aramus guarauna","L9438497","Disney Wilderness Preserve (Polk) Restricted","2025-06-09 09:47",1,28.0845561,-81.4115678,TRUE,FALSE,TRUE,"S248611686"
"139","limpki","Limpkin","Aramus guarauna","L7017402","Tom Brown Park, Tallahassee US-FL (30.4470,-84.2115)","2025-06-09 09:05",1,30.447033,-84.211497,TRUE,FALSE,TRUE,"S248528590"
"140","limpki","Limpkin","Aramus guarauna","L356507","Silver Springs SP","2025-06-09 08:53",NA,29.2010226,-82.0526361,TRUE,FALSE,FALSE,"S248626839"
"141","limpki","Limpkin","Aramus guarauna","L11032110","The Preserves Apartment Complex, Lake Wales","2025-06-09 08:35",1,27.9640871,-81.6081502,TRUE,FALSE,TRUE,"S248667692"
"142","limpki","Limpkin","Aramus guarauna","L2509177","Westside Industrial Park","2025-06-09 08:15",1,30.374023,-81.7898762,TRUE,FALSE,FALSE,"S248518101"
"143","limpki","Limpkin","Aramus guarauna","L36479409","8829 Sea Island Way, Tampa US-FL (28.0375,-82.5958)","2025-06-09 07:52",1,28.037488,-82.595814,TRUE,FALSE,TRUE,"S248528851"
"144","limpki","Limpkin","Aramus guarauna","L877727","Lake Parker Park","2025-06-09 07:41",1,28.0786541,-81.9464529,TRUE,FALSE,FALSE,"S248518238"
"145","limpki","Limpkin","Aramus guarauna","L12458792","Walt Disney World, Bay Lake US-FL 28.40614, -81.58048","2025-06-09 07:39",1,28.40614,-81.580476,TRUE,FALSE,TRUE,"S248482249"
"146","limpki","Limpkin","Aramus guarauna","L16725034","Oil Well Road, Immokalee, Florida, US (26.294, -81.486)","2025-06-09 07:34",1,26.2940155,-81.486425,TRUE,FALSE,TRUE,"S248477269"
"147","limpki","Limpkin","Aramus guarauna","L6318501","Six Mile Cypress Preserve North","2025-06-09 07:30",1,26.6562038,-81.7706394,TRUE,FALSE,FALSE,"S248580432"
"148","limpki","Limpkin","Aramus guarauna","L7859760","Se7en Wetlands","2025-06-09 06:35",7,27.9142979,-81.9507414,TRUE,FALSE,FALSE,"S248693058"
"149","limpki","Limpkin","Aramus guarauna","L1778468","Miccosukee Greenway","2025-06-09 06:21",2,30.4858704,-84.2007637,TRUE,FALSE,FALSE,"S248700965"
"150","limpki","Limpkin","Aramus guarauna","L2144376","Big Cypress National Preserve--Turner River Rd. & Upper Wagonwheel Rd.","2025-06-09 06:19",1,25.9940012,-81.2626505,TRUE,FALSE,FALSE,"S248449909"
"151","limpki","Limpkin","Aramus guarauna","L131882","Newnans Lake--Earl P. Powers Park","2025-06-09 06:09",1,29.6179943,-82.2511673,TRUE,FALSE,FALSE,"S248553236"
"152","limpki","Limpkin","Aramus guarauna","L47181215","Florida's Turnpike N, Orlando US-FL 28.42730, -81.40013","2025-06-08 20:09",1,28.427297,-81.400134,TRUE,FALSE,TRUE,"S248351316"
"153","limpki","Limpkin","Aramus guarauna","L42185561","Backyard Birds","2025-06-08 20:05",1,28.141571,-82.541933,TRUE,FALSE,TRUE,"S248350364"
"154","limpki","Limpkin","Aramus guarauna","L6757509","La Chua Trail","2025-06-08 19:50",2,29.60968,-82.3091841,TRUE,FALSE,TRUE,"S248374752"
"155","limpki","Limpkin","Aramus guarauna","L1312212","Bayou Black Wetlands","2025-06-08 19:38",3,29.6128019,-90.7619312,TRUE,FALSE,FALSE,"S248367507"
"156","limpki","Limpkin","Aramus guarauna","L7374876","Lake Somerset Bird Sanctuary and Rookery","2025-06-08 19:30",1,28.0038791,-81.9311564,TRUE,FALSE,FALSE,"S248346952"
"157","limpki","Limpkin","Aramus guarauna","L2685255","Pine Glades Natural Area","2025-06-08 19:28",2,26.9416978,-80.257144,TRUE,FALSE,FALSE,"S248359095"
"158","limpki","Limpkin","Aramus guarauna","L47178886","GKTW village.","2025-06-08 19:07",1,28.285743,-81.458611,TRUE,FALSE,TRUE,"S248339755"
"159","limpki","Limpkin","Aramus guarauna","L13409881","My Wildlife Sanctuary","2025-06-08 18:05",1,28.8936359,-81.1886165,TRUE,FALSE,TRUE,"S248328424"
"160","limpki","Limpkin","Aramus guarauna","L19506034","Oil Well Tomato Field","2025-06-08 16:40",1,26.294344,-81.483479,TRUE,FALSE,TRUE,"S248324623"
"161","limpki","Limpkin","Aramus guarauna","L46944683","Oakland Hills Dr Pond","2025-06-08 16:30",4,27.4005686,-82.4291602,TRUE,FALSE,TRUE,"S248322004"
"162","limpki","Limpkin","Aramus guarauna","L2112270","Lakefront Park","2025-06-08 15:54",4,28.2590675,-81.2834859,TRUE,FALSE,FALSE,"S248283833"
"163","limpki","Limpkin","Aramus guarauna","L6775329","South Florida National Cemetery","2025-06-08 14:58",1,26.5805061,-80.2096581,TRUE,FALSE,FALSE,"S248341062"
"164","limpki","Limpkin","Aramus guarauna","L45299372","Publix at Orange Lake & Pond","2025-06-08 14:21",1,28.3498269,-81.6139931,TRUE,FALSE,TRUE,"S248240661"
"165","limpki","Limpkin","Aramus guarauna","L27986722","10060 Skinner Lake Drive, Jacksonville, Florida, US (30.251, -81.537)","2025-06-08 13:23",1,30.2507102,-81.5370291,TRUE,FALSE,TRUE,"S248211082"
"166","limpki","Limpkin","Aramus guarauna","L830108","Harns Marsh","2025-06-08 13:01",4,26.6496729,-81.6869336,TRUE,FALSE,FALSE,"S248370183"
"167","limpki","Limpkin","Aramus guarauna","L127275","Paynes Prairie Preserve SP--East of US 441 (Please consider using a more specific location/hotspot)","2025-06-08 13:00",3,29.5821766,-82.3076009,TRUE,FALSE,FALSE,"S248217782"
"168","limpki","Limpkin","Aramus guarauna","L424819","Six Mile Cypress Slough Preserve","2025-06-08 13:00",1,26.5716209,-81.8258929,TRUE,FALSE,FALSE,"S248849844"
"169","limpki","Limpkin","Aramus guarauna","L4780049","Orange Drive Rookery","2025-06-08 12:43",1,26.0633946,-80.3659236,TRUE,FALSE,FALSE,"S248202057"
"170","limpki","Limpkin","Aramus guarauna","L16862529","LEGOLAND® Florida","2025-06-08 11:56",2,27.9881345,-81.6916698,TRUE,FALSE,FALSE,"S248941691"
"171","limpki","Limpkin","Aramus guarauna","L10603690","Little Econ Greenway","2025-06-08 11:46",11,28.5704687,-81.2808257,TRUE,FALSE,FALSE,"S248212487"
"172","limpki","Limpkin","Aramus guarauna","L8823973","Palm Bach Polo","2025-06-08 11:30",13,26.6419776,-80.2458243,TRUE,FALSE,TRUE,"S248311861"
"173","limpki","Limpkin","Aramus guarauna","L127374","Harney Pond Canal Recreation Area","2025-06-08 11:28",12,26.995414,-81.0675573,TRUE,FALSE,FALSE,"S248187946"
"174","limpki","Limpkin","Aramus guarauna","L2759750","West Boynton Park & Recreation","2025-06-08 10:36",2,26.5599521,-80.1405108,TRUE,FALSE,TRUE,"S248201320"
"175","limpki","Limpkin","Aramus guarauna","L298649","Lake Apopka Wildlife Drive","2025-06-08 10:00",NA,28.6691945,-81.5598149,TRUE,FALSE,FALSE,"S248304483"
"176","limpki","Limpkin","Aramus guarauna","L1061691","Corkscrew Regional Ecosystem Watershed--Bird Rookery Swamp Trails","2025-06-08 09:58",1,26.3140166,-81.6349089,TRUE,FALSE,FALSE,"S248170971"
"177","limpki","Limpkin","Aramus guarauna","L141106","Brazos Bend SP (UTC 117)","2025-06-08 09:36",1,29.3735739,-95.6230259,TRUE,FALSE,FALSE,"S248195332"
"178","limpki","Limpkin","Aramus guarauna","L47121224","US-441 South, Gainesville, Florida, US (29.565, -82.333)","2025-06-08 09:34",1,29.5645578,-82.3325606,TRUE,FALSE,TRUE,"S248098564"
"179","limpki","Limpkin","Aramus guarauna","L1461389","T.M. Goodwin WMA--Original Unit","2025-06-08 09:33",2,27.8452341,-80.7252359,TRUE,FALSE,FALSE,"S248336272"
"180","limpki","Limpkin","Aramus guarauna","L127407","Audubon Corkscrew Swamp Sanctuary","2025-06-08 09:32",1,26.375442,-81.6040206,TRUE,FALSE,FALSE,"S248283188"
"181","limpki","Limpkin","Aramus guarauna","L4259377","walsingham park","2025-06-08 09:15",1,27.8707963,-82.8157568,TRUE,FALSE,TRUE,"S248128202"
"182","limpki","Limpkin","Aramus guarauna","L8336075","IRC Stormwater Egret Marsh (Permission Required)","2025-06-08 09:09",3,27.6084606,-80.4772731,TRUE,FALSE,FALSE,"S248106593"
"183","limpki","Limpkin","Aramus guarauna","L143084","Wakodahatchee Wetlands","2025-06-08 08:54",1,26.4781984,-80.144738,TRUE,FALSE,FALSE,"S248201564"
"184","limpki","Limpkin","Aramus guarauna","L23795089","BBS 25-074 36","2025-06-08 08:42",1,27.37475,-80.529948,TRUE,FALSE,TRUE,"S248350068"
"185","limpki","Limpkin","Aramus guarauna","L7568111","Kraemer BBS, stops 41-50","2025-06-08 08:39",2,29.8717222,-90.7683027,TRUE,FALSE,TRUE,"S248314171"
"186","limpki","Limpkin","Aramus guarauna","L29804110","Swoop It Up! (Private)","2025-06-08 08:35",1,28.870332,-81.2761041,TRUE,FALSE,TRUE,"S248065959"
"187","limpki","Limpkin","Aramus guarauna","L299291","Myakka River SP","2025-06-08 08:28",5,27.2405033,-82.3148167,TRUE,FALSE,FALSE,"S248123277"
"188","limpki","Limpkin","Aramus guarauna","L28573749","Gilchrist Pool, The Villages US-FL 28.85711, -81.98851","2025-06-08 08:23",1,28.85711,-81.988514,TRUE,FALSE,TRUE,"S248062443"
"189","limpki","Limpkin","Aramus guarauna","L917920","Merritt Island NWR--Haulover Canal Area","2025-06-08 08:20",NA,28.7374281,-80.7546186,TRUE,FALSE,FALSE,"S248317159"
"190","limpki","Limpkin","Aramus guarauna","L47110442","I-75 N, Fort Lauderdale US-FL 26.16468, -80.81621","2025-06-08 08:06",10,26.164676,-80.816215,TRUE,FALSE,TRUE,"S248043790"
"191","limpki","Limpkin","Aramus guarauna","L797480","Fred W. Coyle Freedom Park","2025-06-08 08:02",1,26.1745813,-81.7883635,TRUE,FALSE,FALSE,"S248100685"
"192","limpki","Limpkin","Aramus guarauna","L47112795","The Lake Near Waterset","2025-06-08 08:01",3,27.7872251,-82.3730926,TRUE,FALSE,TRUE,"S248055704"
"193","limpki","Limpkin","Aramus guarauna","L39851314","Walsingham Park","2025-06-08 08:00",1,27.87257,-82.808197,TRUE,FALSE,TRUE,"S248092087"
"194","limpki","Limpkin","Aramus guarauna","L28380835","6968 Reisterstown Road, North Port, Florida, US (27.122, -82.196)Estates Dr","2025-06-08 07:58",3,27.1217841,-82.1962612,TRUE,FALSE,TRUE,"S248313399"
"195","limpki","Limpkin","Aramus guarauna","L23795071","BBS 25-074 26","2025-06-08 07:54",2,27.338007,-80.513966,TRUE,FALSE,TRUE,"S248350038"
"196","limpki","Limpkin","Aramus guarauna","L677600","Lochloosa WMA","2025-06-08 07:53",2,29.4904133,-82.1256351,TRUE,FALSE,FALSE,"S248114962"
"197","limpki","Limpkin","Aramus guarauna","L23795068","BBS 25-074 25","2025-06-08 07:50",1,27.338009,-80.506002,TRUE,FALSE,TRUE,"S248350037"
"198","limpki","Limpkin","Aramus guarauna","L23891584","BBS 25-074 24","2025-06-08 07:45",2,27.337925,-80.4976114,TRUE,FALSE,TRUE,"S248350036"
"199","limpki","Limpkin","Aramus guarauna","L127338","Morris Bridge County Park","2025-06-08 07:39",14,28.0987032,-82.3120091,TRUE,FALSE,FALSE,"S248251486"
"200","limpki","Limpkin","Aramus guarauna","L39968968","10193 U.S. 441, Micanopy, Florida, US (29.561, -82.332)","2025-06-08 07:25",4,29.5605203,-82.3318998,TRUE,FALSE,TRUE,"S248145889"
"201","limpki","Limpkin","Aramus guarauna","L269357","Joe Overstreet Rd. and Landing","2025-06-08 07:25",1,27.9426789,-81.2050366,TRUE,FALSE,FALSE,"S248107688"
"202","limpki","Limpkin","Aramus guarauna","L47106777","Neptune Rd, Kissimmee US-FL (28.2741,-81.3577)","2025-06-08 07:23",3,28.274145,-81.357726,TRUE,FALSE,TRUE,"S248024488"
"203","limpki","Limpkin","Aramus guarauna","L47186518","39285 Bayou Pigeon Rd, Plaquemine US-LA 30.06972, -91.28600","2025-06-08 07:21",18,30.069722,-91.285996,TRUE,TRUE,TRUE,"S248376304"
"204","limpki","Limpkin","Aramus guarauna","L23795040","BBS 25-074 16","2025-06-08 07:06",1,27.31325,-80.461095,TRUE,FALSE,TRUE,"S248350028"
"205","limpki","Limpkin","Aramus guarauna","L7568082","Kraemer BBS, stops 21-30","2025-06-08 07:04",4,29.8615623,-90.6402969,TRUE,FALSE,TRUE,"S248311057"
"206","limpki","Limpkin","Aramus guarauna","L958716","Gadsden Park","2025-06-08 07:03",1,27.8674578,-82.4984837,TRUE,FALSE,FALSE,"S248073986"
"207","limpki","Limpkin","Aramus guarauna","L14859335","Pecan Bend Neighborhood Park (private locked invite only) Limpkin stakeout","2025-06-08 06:59",1,29.3663844,-95.6069235,TRUE,FALSE,FALSE,"S248138474"
"208","limpki","Limpkin","Aramus guarauna","L10514029","Jake Voss Park","2025-06-08 06:56",1,28.562719,-81.628072,TRUE,FALSE,FALSE,"S248016475"
"209","limpki","Limpkin","Aramus guarauna","L12839160","Mandalay NWR Nature Trail","2025-06-08 06:48",2,29.5504766,-90.7904899,TRUE,FALSE,FALSE,"S248094157"
"210","limpki","Limpkin","Aramus guarauna","L23795031","BBS 25-074 12","2025-06-08 06:47",4,27.292983,-80.483921,TRUE,FALSE,TRUE,"S248350024"
"211","limpki","Limpkin","Aramus guarauna","L23891550","BBS 25-074 11","2025-06-08 06:43",1,27.2877593,-80.4895638,TRUE,FALSE,TRUE,"S248350023"
"212","limpki","Limpkin","Aramus guarauna","L15211597","Heron's Nest Nature Park","2025-06-08 06:30",NA,27.4251855,-82.4150777,TRUE,FALSE,FALSE,"S249273861"
"213","limpki","Limpkin","Aramus guarauna","L578857","Stick Marsh (Indian River Co.)","2025-06-08 06:27",5,27.8127215,-80.7080555,TRUE,FALSE,FALSE,"S248039907"
"214","limpki","Limpkin","Aramus guarauna","L23795023","BBS 25-074 07","2025-06-08 06:25",2,27.266975,-80.513026,TRUE,FALSE,TRUE,"S248350014"
"215","limpki","Limpkin","Aramus guarauna","L23795022","BBS 25-074 06","2025-06-08 06:20",1,27.261895,-80.518708,TRUE,FALSE,TRUE,"S248350013"
"216","limpki","Limpkin","Aramus guarauna","L7568065","Kraemer BBS, stops 11-20","2025-06-08 06:18",13,29.8414815,-90.5905151,TRUE,TRUE,TRUE,"S248309287"
"217","limpki","Limpkin","Aramus guarauna","L23795015","BBS 25-074 04","2025-06-08 06:11",1,27.25127,-80.530482,TRUE,FALSE,TRUE,"S248350020"
"218","limpki","Limpkin","Aramus guarauna","L7568052","Kraemer BBS, stops 1-10","2025-06-08 05:32",21,29.7854608,-90.5669546,TRUE,TRUE,TRUE,"S248306482"
"219","limpki","Limpkin","Aramus guarauna","L3122225","US-FL-Kissimmee-1224 Lago Vista Court","2025-06-07 20:16",4,28.185964,-81.413246,TRUE,FALSE,TRUE,"S247934036"
"220","limpki","Limpkin","Aramus guarauna","L837165","Eagle Lakes Community Park","2025-06-07 19:33",1,26.0773686,-81.7141414,TRUE,FALSE,FALSE,"S247898979"
"221","limpki","Limpkin","Aramus guarauna","L234146","The Celery Fields","2025-06-07 19:30",1,27.3253186,-82.4336821,TRUE,FALSE,FALSE,"S247916801"
"222","limpki","Limpkin","Aramus guarauna","L29497924","4812–4884 N Honore Ave, Sarasota US-FL 27.37794, -82.46390","2025-06-07 19:17",1,27.377935,-82.463902,TRUE,FALSE,TRUE,"S247877797"
"223","limpki","Limpkin","Aramus guarauna","L39181228","3611 Torres Circle, West Palm Beach, Florida, US (26.744, -80.104)","2025-06-07 18:32",5,26.7435046,-80.1042919,TRUE,FALSE,TRUE,"S247905867"
"224","limpki","Limpkin","Aramus guarauna","L518777","Greenwood Urban Wetlands","2025-06-07 18:19",1,28.5351435,-81.3620853,TRUE,FALSE,FALSE,"S247884079"
"225","limpki","Limpkin","Aramus guarauna","L23221104","2422 Carroll Pl, Tampa US-FL 28.04973, -82.48500","2025-06-07 17:29",1,28.049726,-82.485001,TRUE,FALSE,TRUE,"S247860680"
"226","limpki","Limpkin","Aramus guarauna","L345435","Powell Creek Preserve","2025-06-07 16:04",1,26.6922002,-81.8675241,TRUE,FALSE,FALSE,"S247820123"
"227","limpki","Limpkin","Aramus guarauna","L1023544","Wellington Environmental Preserve","2025-06-07 15:48",1,26.6293528,-80.3059387,TRUE,FALSE,FALSE,"S247870430"
"228","limpki","Limpkin","Aramus guarauna","L47079288","23863–24127 CR-833, Clewiston US-FL 26.45939, -81.10393","2025-06-07 15:28",1,26.459388,-81.103931,TRUE,FALSE,TRUE,"S247904320"
"229","limpki","Limpkin","Aramus guarauna","L46765249","6669–6841 SW 13th St, Micanopy US-FL 29.56444, -82.33257","2025-06-07 14:45",1,29.564439,-82.332574,TRUE,FALSE,TRUE,"S247803647"
"230","limpki","Limpkin","Aramus guarauna","L882829","Myakka River SP -- Birdwalk","2025-06-07 14:14",3,27.2763735,-82.2702599,TRUE,FALSE,FALSE,"S247808007"
"231","limpki","Limpkin","Aramus guarauna","L725966","Myakka River SP -- Boat Ramp Area","2025-06-07 13:41",4,27.2657309,-82.2901297,TRUE,FALSE,FALSE,"S247778680"
"232","limpki","Limpkin","Aramus guarauna","L11552117","Home Parkland","2025-06-07 12:46",1,26.316672,-80.261152,TRUE,FALSE,TRUE,"S248195297"
"233","limpki","Limpkin","Aramus guarauna","L40907620","John Chesnut Sr. Park, Palm Harbor US-FL 28.09663, -82.70974","2025-06-07 11:10",2,28.096628,-82.709738,TRUE,FALSE,TRUE,"S247736100"
"234","limpki","Limpkin","Aramus guarauna","L1415104","Audubon Center for Birds of Prey (do not list captive species)","2025-06-07 11:03",1,28.6217703,-81.3760987,TRUE,FALSE,FALSE,"S247723068"
"235","limpki","Limpkin","Aramus guarauna","L472263","Guste Island Road (Port Louis)","2025-06-07 10:56",1,30.4006032,-90.2185249,TRUE,FALSE,FALSE,"S247749435"
"236","limpki","Limpkin","Aramus guarauna","L374880","Lake Eola Park (please do not list exotic swans)","2025-06-07 10:55",2,28.5441162,-81.3731575,TRUE,FALSE,FALSE,"S247717517"
"237","limpki","Limpkin","Aramus guarauna","L1139050","Morikami Museum & Japanese Gardens","2025-06-07 10:02",1,26.4287686,-80.1569581,TRUE,FALSE,FALSE,"S247705305"
"238","limpki","Limpkin","Aramus guarauna","L47025738","12905 National Dr, Tampa US-FL 28.06634, -82.38233","2025-06-07 09:51",1,28.066345,-82.382328,TRUE,FALSE,TRUE,"S247685181"
"239","limpki","Limpkin","Aramus guarauna","L2859188","LC walking dogs","2025-06-07 09:19",1,28.641213,-81.290653,TRUE,FALSE,TRUE,"S247658968"
"240","limpki","Limpkin","Aramus guarauna","L586629","Government Rd. (Broward Co.)","2025-06-07 09:15",5,26.2557032,-80.8561993,TRUE,FALSE,FALSE,"S247753399"
"241","limpki","Limpkin","Aramus guarauna","L19903853","Oxbow Overlook, Katy, Texas, US (29.733, -95.779)","2025-06-07 09:07",2,29.7328596,-95.7788951,TRUE,FALSE,TRUE,"S247669713"
"242","limpki","Limpkin","Aramus guarauna","L127329","Sawgrass Lake Park","2025-06-07 08:40",1,27.8398,-82.6705,TRUE,FALSE,FALSE,"S247740994"
"243","limpki","Limpkin","Aramus guarauna","L11345077","Southdown Trail","2025-06-07 08:38",1,29.5860478,-90.7527569,TRUE,FALSE,FALSE,"S247716498"
"244","limpki","Limpkin","Aramus guarauna","L771287","Savannahs Preserve SP--Hawk's Bluff Trail","2025-06-07 08:30",1,27.2598847,-80.2410614,TRUE,FALSE,FALSE,"S247763406"
"245","limpki","Limpkin","Aramus guarauna","L4187530","Miccosukee Service Plaza","2025-06-07 08:29",2,26.174245,-80.855325,TRUE,FALSE,FALSE,"S247638218"
"246","limpki","Limpkin","Aramus guarauna","L47082945","Southeast side of prairie basin on 441","2025-06-07 08:20",3,29.560844,-82.331637,TRUE,FALSE,TRUE,"S247921419"
"247","limpki","Limpkin","Aramus guarauna","L10299022","Lake Howell","2025-06-07 08:19",2,28.6398772,-81.3094394,TRUE,FALSE,FALSE,"S247698702"
"248","limpki","Limpkin","Aramus guarauna","L10899401","Munson Landing","2025-06-07 08:17",NA,30.368144,-84.2989743,TRUE,FALSE,FALSE,"S247708196"
"249","limpki","Limpkin","Aramus guarauna","L127331","Boyd Hill Nature Park & Lake Maggiore","2025-06-07 08:05",3,27.7248069,-82.6501069,TRUE,FALSE,FALSE,"S247942758"
"250","limpki","Limpkin","Aramus guarauna","L628035","John Yarbrough Linear Park","2025-06-07 08:03",1,26.5374747,-81.8545818,TRUE,FALSE,FALSE,"S247659735"
"251","limpki","Limpkin","Aramus guarauna","L2305808","Lakes Regional Park Bird Tour","2025-06-07 08:00",1,26.5284165,-81.8768549,TRUE,FALSE,TRUE,"S247832905"
"252","limpki","Limpkin","Aramus guarauna","L16712691","Boyd Hill Nature Preserve","2025-06-07 07:59",1,27.7274424,-82.649667,TRUE,FALSE,TRUE,"S247652980"
"253","limpki","Limpkin","Aramus guarauna","L2270789","20 Mile Bend Lox NWR Boat Ramp area","2025-06-07 07:16",2,26.6754298,-80.3803968,TRUE,FALSE,TRUE,"S247652162"
"254","limpki","Limpkin","Aramus guarauna","L305312","Lakes Park","2025-06-07 07:15",1,26.5271649,-81.8765643,TRUE,FALSE,FALSE,"S247680560"
"255","limpki","Limpkin","Aramus guarauna","L4400836","Oil Well Park","2025-06-07 07:14",2,26.2831031,-81.3428817,TRUE,FALSE,FALSE,"S247670456"
"256","limpki","Limpkin","Aramus guarauna","L727287","Joyce WMA","2025-06-07 07:09",1,30.39726,-90.42913,TRUE,FALSE,FALSE,"S247666727"
"257","limpki","Limpkin","Aramus guarauna","L7086958","Stormwater Treatment Area 1W (Limited Access)","2025-06-07 06:56",1,26.6762842,-80.4273806,TRUE,FALSE,FALSE,"S247643604"
"258","limpki","Limpkin","Aramus guarauna","L46179058","9535 Cavendish Dr, Tampa US-FL (28.0426,-82.5904)","2025-06-07 06:49",1,28.042589,-82.590405,TRUE,FALSE,TRUE,"S247692393"
"259","limpki","Limpkin","Aramus guarauna","L631290","West Marsh Preserve","2025-06-07 06:45",3,26.6475354,-81.7027473,TRUE,FALSE,FALSE,"S247742987"
"260","limpki","Limpkin","Aramus guarauna","L39033002","Blue Cypress Lake Road","2025-06-07 06:07",5,27.714394,-80.77887,TRUE,FALSE,TRUE,"S247739565"
"261","limpki","Limpkin","Aramus guarauna","L46989270","1672 E Buena Vista Dr, Lake Buena Vista US-FL (28.3719,-81.5162)","2025-06-06 23:46",1,28.371917,-81.516227,TRUE,FALSE,TRUE,"S247516779"
"262","limpki","Limpkin","Aramus guarauna","L35179506","133 Wading Bird Circle, Naples, Florida, US (26.275, -81.773)","2025-06-06 20:43",NA,26.2746445,-81.7733283,TRUE,FALSE,TRUE,"S247488052"
"263","limpki","Limpkin","Aramus guarauna","L3090950","Centre Pointe Lane Pond","2025-06-06 19:11",1,30.474417,-84.237235,TRUE,FALSE,FALSE,"S247750330"
"264","limpki","Limpkin","Aramus guarauna","L38940067","Home","2025-06-06 18:40",4,26.7448463,-80.1045227,TRUE,FALSE,TRUE,"S247499562"
"265","limpki","Limpkin","Aramus guarauna","L46981449","1457–1461 Lake Ida Park Internal Access Rd, Delray Beach US-FL 26.48270, -80.08362","2025-06-06 18:12",1,26.482704,-80.083616,TRUE,FALSE,TRUE,"S247482658"
"266","limpki","Limpkin","Aramus guarauna","L17873231","Sassagoula River","2025-06-06 17:57",1,28.3731449,-81.5163554,TRUE,FALSE,FALSE,"S247440021"
"267","limpki","Limpkin","Aramus guarauna","L27502076","SR-70, Okeechobee US-FL 27.20953, -81.14948","2025-06-06 16:38",1,27.209533,-81.149485,TRUE,FALSE,TRUE,"S247422564"
"268","limpki","Limpkin","Aramus guarauna","L127332","Fort De Soto Park","2025-06-06 16:25",1,27.6327266,-82.718157,TRUE,FALSE,FALSE,"S247473854"
"269","limpki","Limpkin","Aramus guarauna","L12968554","Fritchie Park","2025-06-06 16:22",3,30.2455187,-89.7732032,TRUE,FALSE,FALSE,"S248676582"
"270","limpki","Limpkin","Aramus guarauna","L2862356","Silver Springs SP--headspring","2025-06-06 13:05",1,29.216418,-82.0540524,TRUE,FALSE,FALSE,"S247368464"
"271","limpki","Limpkin","Aramus guarauna","L47258144","King's Highway","2025-06-06 12:40",1,27.0284078,-82.0425437,TRUE,FALSE,TRUE,"S248702631"
"272","limpki","Limpkin","Aramus guarauna","L632896","Lake Belleview","2025-06-06 12:06",1,27.9465497,-82.7934623,TRUE,FALSE,FALSE,"S247425173"
"273","limpki","Limpkin","Aramus guarauna","L9133624","Hogeye Recreational Path","2025-06-06 09:48",2,28.8032791,-82.0169592,TRUE,FALSE,FALSE,"S247316109"
"274","limpki","Limpkin","Aramus guarauna","L4307629","Freedom Point Ponds and CCRC Area","2025-06-06 09:22",1,28.9490933,-81.9616748,TRUE,FALSE,FALSE,"S247278920"
"275","limpki","Limpkin","Aramus guarauna","L5200479","Lake Wellesley","2025-06-06 09:20",1,26.561805,-80.091931,TRUE,FALSE,TRUE,"S247270756"
"276","limpki","Limpkin","Aramus guarauna","L127322","Upper Tampa Bay Regional Park","2025-06-06 08:52",1,28.0146,-82.6347,TRUE,FALSE,FALSE,"S247482626"
"277","limpki","Limpkin","Aramus guarauna","L9250977","Orlando Wetlands Park, Christmas US-FL (28.5714,-80.9960)","2025-06-06 08:48",1,28.571379,-80.996042,TRUE,FALSE,TRUE,"S247305176"
"278","limpki","Limpkin","Aramus guarauna","L835625","Eufaula NWR--Kennedy Unit","2025-06-06 08:48",1,31.9590077,-85.1005697,TRUE,FALSE,FALSE,"S247372691"
"279","limpki","Limpkin","Aramus guarauna","L20781861","Other side of marsh at DeLuna postal 4401–4499 Heather Way, Wildwood US-FL 28.82597, -82.03462","2025-06-06 08:47",1,28.825974,-82.034618,TRUE,FALSE,TRUE,"S247274831"
"280","limpki","Limpkin","Aramus guarauna","L10793098","High Springs Boat Ramp","2025-06-06 08:44",2,29.851968,-82.611696,TRUE,FALSE,FALSE,"S247327754"
"281","limpki","Limpkin","Aramus guarauna","L19765787","Blue Cypress Road","2025-06-06 08:23",3,27.7016071,-80.7854012,TRUE,FALSE,TRUE,"S247295044"
"282","limpki","Limpkin","Aramus guarauna","L1459994","Wekiwa Springs SP","2025-06-06 08:19",1,28.7122477,-81.4629409,TRUE,FALSE,FALSE,"S247349096"
"283","limpki","Limpkin","Aramus guarauna","L46949753","Celery Fields Regional Stormwater Facility, Sarasota US-FL 27.32050, -82.43644","2025-06-06 08:17",1,27.320505,-82.436436,TRUE,FALSE,TRUE,"S247340712"
"284","limpki","Limpkin","Aramus guarauna","L2093630","Wekiwa Springs SP (Seminole Co.)","2025-06-06 08:12",1,28.7113476,-81.4483023,TRUE,FALSE,FALSE,"S247321177"
"285","limpki","Limpkin","Aramus guarauna","L31746112","County Road 858 Okaloacoochee  Slough","2025-06-06 08:11",1,26.3068805,-81.2855244,TRUE,FALSE,FALSE,"S247345528"
"286","limpki","Limpkin","Aramus guarauna","L1824240","Mouton Cove and environs","2025-06-06 08:10",2,29.9109006,-92.1968279,TRUE,FALSE,TRUE,"S247377574"
"287","limpki","Limpkin","Aramus guarauna","L6161256","Blue Cypress Recreation Area","2025-06-06 07:49",3,27.6631045,-80.6442779,TRUE,FALSE,FALSE,"S247245891"
"288","limpki","Limpkin","Aramus guarauna","L46927249","6669–6841 SW 13th St, Micanopy US-FL 29.56415, -82.33269","2025-06-06 07:42",1,29.564148,-82.332691,TRUE,FALSE,TRUE,"S247237957"
"289","limpki","Limpkin","Aramus guarauna","L10301810","Eagle Lakes Community Park","2025-06-06 07:30",1,26.0758749,-81.7151284,TRUE,FALSE,TRUE,"S247324686"
"290","limpki","Limpkin","Aramus guarauna","L5627949","Palm Island Park & Boardwalk","2025-06-06 07:08",1,28.7911937,-81.6449159,TRUE,FALSE,FALSE,"S247229886"
"291","limpki","Limpkin","Aramus guarauna","L38849871","Saczawa Home DeLand","2025-06-06 06:58",1,29.0068036,-81.358534,TRUE,FALSE,TRUE,"S247230437"
"292","limpki","Limpkin","Aramus guarauna","L782931","Lake Trafford--Annie Olesky Park","2025-06-06 06:51",1,26.4330727,-81.485939,TRUE,FALSE,FALSE,"S247237683"
"293","limpki","Limpkin","Aramus guarauna","L4400453","Perico Preserve","2025-06-06 06:47",1,27.4972082,-82.6779646,TRUE,FALSE,FALSE,"S247251412"
"294","limpki","Limpkin","Aramus guarauna","L2166722","Pepper Ranch Preserve","2025-06-06 06:45",1,26.4436305,-81.4975262,TRUE,FALSE,FALSE,"S247356577"
"295","limpki","Limpkin","Aramus guarauna","L41258753","my yard","2025-06-06 06:07",1,30.1810425,-82.6407042,TRUE,FALSE,TRUE,"S247229651"
"296","limpki","Limpkin","Aramus guarauna","L11767209","5450 Champagne Ave, Sarasota US-FL 27.36517, -82.46137","2025-06-05 19:42",1,27.365167,-82.461368,TRUE,FALSE,TRUE,"S247119415"
"297","limpki","Limpkin","Aramus guarauna","L39412717","44 N Basilica Ave, Hanahan US-SC 32.97067, -80.03985","2025-06-05 19:15",1,32.9712962,-80.0402462,TRUE,TRUE,TRUE,"S247159982"
"298","limpki","Limpkin","Aramus guarauna","L14732191","Emerald Estates Park","2025-06-05 18:42",1,26.0637,-80.3664,TRUE,FALSE,FALSE,"S247109846"
"299","limpki","Limpkin","Aramus guarauna","L46898952","8400 W Broward Blvd, Plantation US-FL 26.12041, -80.26118","2025-06-05 18:09",2,26.120409,-80.26118,TRUE,FALSE,TRUE,"S247094026"
"300","limpki","Limpkin","Aramus guarauna","L4806783","McCarty Ranch Preserve","2025-06-05 17:39",2,27.2361876,-80.5116659,TRUE,FALSE,FALSE,"S247254772"
"301","limpki","Limpkin","Aramus guarauna","L42044020","Horizon House","2025-06-05 16:15",5,27.8703701,-81.045473,TRUE,FALSE,TRUE,"S247083108"
"302","limpki","Limpkin","Aramus guarauna","L25066922","Valencia reserve","2025-06-05 15:43",2,26.517568,-80.200101,TRUE,FALSE,TRUE,"S247305820"
"303","limpki","Limpkin","Aramus guarauna","L861990","Grassy Waters Nature Preserve--North","2025-06-05 14:41",1,26.81528,-80.1735134,TRUE,FALSE,FALSE,"S247044880"
"304","limpki","Limpkin","Aramus guarauna","L20338244","Oil Well Road, Immokalee, Florida, US (26.294, -81.484)","2025-06-05 14:36",1,26.2941207,-81.4843088,TRUE,FALSE,TRUE,"S247049920"
"305","limpki","Limpkin","Aramus guarauna","L5549194","West Crooked Lake","2025-06-05 12:26",6,28.8320005,-81.6689086,TRUE,FALSE,TRUE,"S246998187"
"306","limpki","Limpkin","Aramus guarauna","L2602960","Myakka River SP--South Entrance Pond","2025-06-05 12:13",2,27.2462742,-82.3105949,TRUE,FALSE,FALSE,"S247016610"
"307","limpki","Limpkin","Aramus guarauna","L46951941","USGS WARC","2025-06-05 12:00",1,29.7265524,-82.4177715,TRUE,FALSE,TRUE,"S247350063"
"308","limpki","Limpkin","Aramus guarauna","L46911369","601–661 SW 16th St, Belle Glade US-FL 26.67966, -80.68563","2025-06-05 11:48",1,26.679657,-80.685634,TRUE,FALSE,TRUE,"S247160662"
"309","limpki","Limpkin","Aramus guarauna","L46911382","21510 US-27 N, Belle Glade US-FL 26.39190, -80.58174","2025-06-05 11:22",1,26.391902,-80.581736,TRUE,FALSE,TRUE,"S247160742"
"310","limpki","Limpkin","Aramus guarauna","L29797918","Lake Trafford","2025-06-05 10:39",4,26.4215815,-81.4808797,TRUE,FALSE,TRUE,"S246999345"
"311","limpki","Limpkin","Aramus guarauna","L3860895","West of Carlton Road","2025-06-05 10:20",1,27.2688971,-80.5560493,TRUE,FALSE,TRUE,"S248178759"
"312","limpki","Limpkin","Aramus guarauna","L3443186","Celery Fields--South Cell","2025-06-05 10:13",1,27.32133,-82.43939,TRUE,FALSE,TRUE,"S247133503"
"313","limpki","Limpkin","Aramus guarauna","L1368478","Fellsmere Grade Recreation Area (Brevard Co.)","2025-06-05 08:51",3,27.8230303,-80.7078614,TRUE,FALSE,FALSE,"S246991645"
"314","limpki","Limpkin","Aramus guarauna","L28359046","6869 Reisterstown Road, North Port, Florida, US (27.121, -82.199)Estates Dr.","2025-06-05 08:31",3,27.120935,-82.1986945,TRUE,FALSE,TRUE,"S247226791"
"315","limpki","Limpkin","Aramus guarauna","L578456","T.M. Goodwin WMA--Broadmoor Unit","2025-06-05 08:31",10,27.8891565,-80.746336,TRUE,FALSE,FALSE,"S246965216"
"316","limpki","Limpkin","Aramus guarauna","L790298","Trimble Park","2025-06-05 07:54",1,28.7672453,-81.6561091,TRUE,FALSE,FALSE,"S246942187"
"317","limpki","Limpkin","Aramus guarauna","L31081588","Thomasville Cir, Tampa US-FL 28.06643, -82.38137","2025-06-05 07:44",1,28.066432,-82.381374,TRUE,FALSE,TRUE,"S246924531"
"318","limpki","Limpkin","Aramus guarauna","L46861102","Demens Landing Park, Saint Petersburg US-FL 27.76958, -82.62892","2025-06-05 07:30",1,27.769579,-82.628925,TRUE,FALSE,TRUE,"S246913009"
"319","limpki","Limpkin","Aramus guarauna","L23310261","306 Lake Kell Court, Lutz, Florida, US (28.163, -82.456)","2025-06-05 07:09",1,28.1633044,-82.4562122,TRUE,FALSE,TRUE,"S246917287"
"320","limpki","Limpkin","Aramus guarauna","L13961701","Bay Lake, Tampa US-FL 28.07113, -82.49905","2025-06-05 07:09",1,28.071134,-82.499054,TRUE,FALSE,TRUE,"S247106796"
"321","limpki","Limpkin","Aramus guarauna","L5814436","Sugar Land Yard","2025-06-05 07:00",1,29.603834,-95.589375,TRUE,FALSE,TRUE,"S246973194"
"322","limpki","Limpkin","Aramus guarauna","L8523671","Flint Pen Strand","2025-06-05 07:00",1,26.3322991,-81.68229,TRUE,FALSE,TRUE,"S247359700"
"323","limpki","Limpkin","Aramus guarauna","L127396","Babcock-Webb WMA","2025-06-05 06:26",1,26.8582653,-81.9401121,TRUE,FALSE,FALSE,"S246917602"
"324","limpki","Limpkin","Aramus guarauna","L40833418","33440, Clewiston US-FL 26.76638, -80.92978","2025-06-04 19:32",3,26.76638,-80.929782,TRUE,FALSE,TRUE,"S246809407"
"325","limpki","Limpkin","Aramus guarauna","L17096221","Royal Palm Post Office Retention Pond","2025-06-04 19:29",1,26.6833175,-80.2079212,TRUE,FALSE,FALSE,"S247133435"
"326","limpki","Limpkin","Aramus guarauna","L37150067","Home","2025-06-04 19:26",2,26.443878,-81.655189,TRUE,FALSE,TRUE,"S246783433"
"327","limpki","Limpkin","Aramus guarauna","L22365651","4015 Ragg Road, Tampa, Florida, US (28.101, -82.508)","2025-06-04 18:32",1,28.1006179,-82.508267,TRUE,FALSE,TRUE,"S246777756"
"328","limpki","Limpkin","Aramus guarauna","L46828866","7929–8005 NW 71st St, Gainesville US-FL 29.72670, -82.41567","2025-06-04 17:03",2,29.726704,-82.415669,TRUE,FALSE,TRUE,"S246745754"
"329","limpki","Limpkin","Aramus guarauna","L4445101","St. Petersburg College Natural Habitat Park","2025-06-04 16:04",1,27.859762,-82.797491,TRUE,FALSE,FALSE,"S246740270"
"330","limpki","Limpkin","Aramus guarauna","L371239","Work","2025-06-04 15:00",NA,26.6267057,-80.0891733,TRUE,FALSE,TRUE,"S248291659"
"331","limpki","Limpkin","Aramus guarauna","L40016371","Work Pokémon Culvert","2025-06-04 12:59",1,26.4490512,-80.145194,TRUE,FALSE,TRUE,"S246704395"
"332","limpki","Limpkin","Aramus guarauna","L997791","James E. Grey Preserve","2025-06-04 12:20",1,28.2371636,-82.7023315,TRUE,FALSE,FALSE,"S246684872"
"333","limpki","Limpkin","Aramus guarauna","L36458002","6443–6513 Markstown Dr, Tampa US-FL 28.06710, -82.38315","2025-06-04 10:24",2,28.067104,-82.383145,TRUE,FALSE,TRUE,"S246634812"
"334","limpki","Limpkin","Aramus guarauna","L32797578","Back of south central regional waste water treatment center","2025-06-04 09:58",1,26.481118,-80.089609,TRUE,FALSE,TRUE,"S246622247"
"335","limpki","Limpkin","Aramus guarauna","L46799060","I-95 S, Fort Pierce US-FL 27.53941, -80.46541","2025-06-04 09:54",1,27.539407,-80.465411,TRUE,FALSE,TRUE,"S246613939"
"336","limpki","Limpkin","Aramus guarauna","L480817","Lake Sybelia","2025-06-04 09:31",1,28.6270192,-81.3697853,TRUE,FALSE,FALSE,"S246635056"
"337","limpki","Limpkin","Aramus guarauna","L28352149","partial hogseye path, 2 ponds near Ednas","2025-06-04 09:27",2,28.8054614,-82.0193652,TRUE,FALSE,TRUE,"S246623466"
"338","limpki","Limpkin","Aramus guarauna","L17065260","Starkey Gap Trail-north of Trinity Blvd.","2025-06-04 09:16",1,28.179862,-82.653811,TRUE,FALSE,TRUE,"S246722118"
"339","limpki","Limpkin","Aramus guarauna","L983556","Meadow Woods, Florida","2025-06-04 08:17",1,28.3512986,-81.3568926,TRUE,FALSE,TRUE,"S246590384"
"340","limpki","Limpkin","Aramus guarauna","L46842168","6564 West Richard Drive, Spring Hill, Florida, US (28.53, -82.617)","2025-06-04 07:57",1,28.5296821,-82.617078,TRUE,FALSE,TRUE,"S246815199"
"341","limpki","Limpkin","Aramus guarauna","L22568381","Nathan Benderson Park","2025-06-04 07:30",2,27.376707,-82.453327,TRUE,FALSE,TRUE,"S246681486"
"342","limpki","Limpkin","Aramus guarauna","L3921477","Okeeheelee Park South","2025-06-04 07:19",3,26.6409826,-80.1627322,TRUE,FALSE,FALSE,"S246586591"
"343","limpki","Limpkin","Aramus guarauna","L365149","McElroy","2025-06-04 06:20",1,30.1405,-90.79149,TRUE,FALSE,TRUE,"S246819241"
"344","limpki","Limpkin","Aramus guarauna","L7113725","Seminole Woods Blvd, Palm Coast US-FL (29.4506,-81.1831)","2025-06-03 19:13",3,29.450617,-81.183086,TRUE,FALSE,TRUE,"S248085492"
"345","limpki","Limpkin","Aramus guarauna","L25253783","Orlando Mountain Bike Park, Orlando US-FL 28.55839, -81.34952","2025-06-03 18:20",2,28.558394,-81.349516,TRUE,FALSE,TRUE,"S246446713"
"346","limpki","Limpkin","Aramus guarauna","L6942756","Colonial Oaks Park","2025-06-03 18:03",3,27.3111496,-82.4632134,TRUE,FALSE,FALSE,"S246443266"
"347","limpki","Limpkin","Aramus guarauna","L235514","Lake Lilly","2025-06-03 17:05",2,28.6219128,-81.3666102,TRUE,FALSE,FALSE,"S246418359"
"348","limpki","Limpkin","Aramus guarauna","L11103081","Brant Lake","2025-06-03 16:42",1,28.1275522,-82.4734503,TRUE,FALSE,TRUE,"S246437468"
"349","limpki","Limpkin","Aramus guarauna","L42354800","1972–2198 S Header Canal Rd, Fort Pierce US-FL (27.4260,-80.4975)","2025-06-03 16:23",1,27.425958,-80.497507,TRUE,FALSE,TRUE,"S246469883"
"350","limpki","Limpkin","Aramus guarauna","L280834","Walsingham Park","2025-06-03 15:53",1,27.8763584,-82.8090332,TRUE,FALSE,FALSE,"S246421108"
"351","limpki","Limpkin","Aramus guarauna","L17950366","Paul Rardin Park","2025-06-03 12:44",6,26.7492128,-80.6823063,TRUE,FALSE,FALSE,"S246337372"
"352","limpki","Limpkin","Aramus guarauna","L17530265","Exxon Sorrento Facility (No Public Access)","2025-06-03 12:22",1,30.1734761,-90.7881369,TRUE,FALSE,TRUE,"S246351480"
"353","limpki","Limpkin","Aramus guarauna","L46743858","52nd Ave SE, Naples US-FL 26.14199, -81.52475","2025-06-03 12:03",4,26.141991,-81.524752,TRUE,FALSE,TRUE,"S246335872"
"354","limpki","Limpkin","Aramus guarauna","L868604","Prairie Creek Conservation Area","2025-06-03 11:48",1,29.6104202,-82.2477508,TRUE,FALSE,FALSE,"S246350718"
"355","limpki","Limpkin","Aramus guarauna","L502704","Brooker Creek Preserve & Surrounding Areas","2025-06-03 11:00",1,28.1439001,-82.6609078,TRUE,FALSE,FALSE,"S246361919"
"356","limpki","Limpkin","Aramus guarauna","L42379139","Strom Park","2025-06-03 10:59",1,28.213743,-80.720174,TRUE,FALSE,TRUE,"S246321978"
"357","limpki","Limpkin","Aramus guarauna","L571282","WCA 2-B Conservation Levee Greenway","2025-06-03 09:44",1,26.1291204,-80.3665727,TRUE,FALSE,FALSE,"S246300500"
"358","limpki","Limpkin","Aramus guarauna","L25412232","LAKE LEOPOLD","2025-06-03 09:35",6,29.5001291,-95.137762,TRUE,TRUE,TRUE,"S246301947"
"359","limpki","Limpkin","Aramus guarauna","L46730959","Circle B MRR","2025-06-03 09:22",5,27.991913,-81.861819,TRUE,FALSE,TRUE,"S246274379"
"360","limpki","Limpkin","Aramus guarauna","L21321015","Bonnet Springs Park","2025-06-03 09:13",1,28.049187,-81.969815,TRUE,FALSE,FALSE,"S246304152"
"361","limpki","Limpkin","Aramus guarauna","L1877656","Pinecraft Park","2025-06-03 09:10",1,27.3189746,-82.5037765,TRUE,FALSE,FALSE,"S246278609"
"362","limpki","Limpkin","Aramus guarauna","L675849","Lutz Home","2025-06-03 09:01",4,28.1749093,-82.4546671,TRUE,FALSE,TRUE,"S246348150"
"363","limpki","Limpkin","Aramus guarauna","L615903","Tuscawilla Prairie","2025-06-03 08:59",1,29.5003493,-82.2685432,TRUE,FALSE,FALSE,"S246271775"
"364","limpki","Limpkin","Aramus guarauna","L1810451","Huntington Lakes (Home)","2025-06-03 08:45",2,26.458268,-80.1557887,TRUE,FALSE,TRUE,"S246527844"
"365","limpki","Limpkin","Aramus guarauna","L25540564","Port Mayaca, Martin Fl.","2025-06-03 08:43",1,26.9817465,-80.6173325,TRUE,FALSE,TRUE,"S246362031"
"366","limpki","Limpkin","Aramus guarauna","L17603618","Backyard Canal Area","2025-06-03 08:09",1,26.6714,-80.273582,TRUE,FALSE,TRUE,"S246236932"
"367","limpki","Limpkin","Aramus guarauna","L6349050","Fellsmere Grade Road (Indian River Co.)","2025-06-03 07:34",5,27.8226052,-80.6505919,TRUE,FALSE,FALSE,"S246281009"
"368","limpki","Limpkin","Aramus guarauna","L840435","Kendale Lakes Park","2025-06-03 07:29",1,25.6925076,-80.426445,TRUE,FALSE,FALSE,"S246257539"
"369","limpki","Limpkin","Aramus guarauna","L8202880","Mustang Golf Course","2025-06-03 07:14",1,26.0861212,-81.7120621,TRUE,FALSE,TRUE,"S246221799"
"370","limpki","Limpkin","Aramus guarauna","L17570577","4830 Lonsdale Cir, Orlando US-FL 28.60798, -81.26412","2025-06-03 07:02",1,28.607979,-81.264125,TRUE,FALSE,TRUE,"S246265699"
